"dataType","username","authorFlair","title","body","upVotes","numberOfComments","communityName","url"
"post","New-Hat-8303",,"Smart shuffle history?","Is there a way to view previously suggested songs via smart shuffle?

Enjoyed a song, forgot to like/add it, cant go back to it, cant remember the name, etc.","1","5","r/truespotify","https://www.reddit.com/r/truespotify/comments/1rf3y3i/smart_shuffle_history/"
"comment","noedelsoepmetlepel",,,"There is a way to see previously listened songs, on phone it’s when you press your profile picture and then recent, on laptop it’s when you go to the queue you can see the history as well","2",,"r/truespotify","https://www.reddit.com/r/truespotify/comments/1rf3y3i/comment/o7h9x1h/"
"comment","lostcowboy5",,,"cool!","1",,"r/truespotify","https://www.reddit.com/r/truespotify/comments/1rf3y3i/comment/o7nhy4r/"
"comment","Keklor1",,,"Das funktioniert bei mir nicht, gott weiß warum! ","1",,"r/truespotify","https://www.reddit.com/r/truespotify/comments/1rf3y3i/comment/obii2k5/"
"comment","noedelsoepmetlepel",,,"Laptop oder Handy? Hast du vielleicht ein Screenshot? (Mein deutsch ist nicht super, Entschuldigung für Grammatikfehler)","1",,"r/truespotify","https://www.reddit.com/r/truespotify/comments/1rf3y3i/comment/obiladz/"
"post","moosewithamuffin",,"Smart Shuffle takes me away from my Playlist","Every time I use smart shuffle","2","1","r/truespotify","https://www.reddit.com/r/truespotify/comments/1tucvoj/smart_shuffle_takes_me_away_from_my_playlist/"
"comment","NettaBeGreat",,,"I turned on Smart Shuffle to try and duplicate what you described, but I don't get the Playing Recommended Tracks header. When I add a track to the playlist, it just adds and continues to play the other songs in the queue.","1",,"r/truespotify","https://www.reddit.com/r/truespotify/comments/1tucvoj/comment/op9630b/"
"post","NyanSquiddo",,"Is there truly no way to turn smart shuffle off without premium?","It’s just been pissing me off big time recently. Like I got a random religious song mixed in? Is this just how Spotify is doing ads now? Forcing me to listen to some shitty song 😭","7","7","r/truespotify","https://www.reddit.com/r/truespotify/comments/1nnuf1q/is_there_truly_no_way_to_turn_smart_shuffle_off/"
"post","Jackyl2rock",,"Anyone else dislike ""Smart Shuffle""?","I stopped using Smart Shuffle because it too often suggested Panic! at the Disco songs. It felt like it was suggesting sponsored content or something? I've no proof of that claim, just a vibe.

Anyway, it's over a year later. I tried it again. Panic! at the Disco.

Yes, Spotify, I know who PatD is. Turning off Smart Shuffle...

Does anyone else run into this? Am I the problem? I have 12 PatD songs out of 1,763 songs. Compared to 21 Shinedown songs, 11 Five Finger Death Punch songs... but I never get those recommended.","10","9","r/truespotify","https://www.reddit.com/r/truespotify/comments/1of2bte/anyone_else_dislike_smart_shuffle/"
"comment","[deleted]",,,"Never having just free, I checked the official docs and yes, Smart Shuffle is the default free experience.","3",,"r/truespotify","https://www.reddit.com/r/truespotify/comments/1nnuf1q/comment/nfn7u26/"
"comment","boothash",,,"Yeah, just the same thing all the time, hardly shuffle.","3",,"r/truespotify","https://www.reddit.com/r/truespotify/comments/1of2bte/comment/nl5z04i/"
"comment","NyanSquiddo",,,"I hate it </3 if only switching to something else was easy 💀","-3",,"r/truespotify","https://www.reddit.com/r/truespotify/comments/1nnuf1q/comment/nfn92kh/"
"comment","YoungGazz",,,"Mine is addicted to Jelly Roll, I've got 1 song of 8000 with him in, but oh boy does Spotify want us to be BFF's","1",,"r/truespotify","https://www.reddit.com/r/truespotify/comments/1of2bte/comment/nl5znny/"
"comment","NullableThought",,,"Just pay the $13/month. ","3",,"r/truespotify","https://www.reddit.com/r/truespotify/comments/1nnuf1q/comment/nfof3qe/"
"comment","Black-PizzaClaw676",,,"Smart Shuffle never recommends anything good for me! I hate it and always keep it turned off. But when I accidentally tried it, I didn't get the same songs/artists over and over like you did.","1",,"r/truespotify","https://www.reddit.com/r/truespotify/comments/1of2bte/comment/nl6g3zh/"
"comment","12sacraments",,,"I have premium and the playlists still ""bug out"" and switch to smart shuffle after a while - despite having all autoplay content turned off in settings 😅","2",,"r/truespotify","https://www.reddit.com/r/truespotify/comments/1nnuf1q/comment/ns7uqoq/"
"comment","neneodonkor",,,"😄😄 unfortunately, no!","1",,"r/truespotify","https://www.reddit.com/r/truespotify/comments/1nnuf1q/comment/nfnjjgq/"
"comment","TyrellCo",,,"As bad as it is this these are the “crumbs“ they’ve left us ever since they got rid of ”Go to Radio” for playlists feature. Maybe then there were enough “new“ suggestions to dilute the repetitive paid for suggestions","1",,"r/truespotify","https://www.reddit.com/r/truespotify/comments/1of2bte/comment/nl6sz5f/"
"comment","PeaceHead6838",,,"I can't listen to audiobooks with Shuffle this feature should be illegal","1",,"r/truespotify","https://www.reddit.com/r/truespotify/comments/1nnuf1q/comment/o16nka6/"
"comment","jingo800",,,"Into the third decade of the 21st century, I think it's safe to assume that anything labelled as ""smart"" just means manipulated-for-profit.","1",,"r/truespotify","https://www.reddit.com/r/truespotify/comments/1of2bte/comment/nl808vz/"
"comment","narwhaledtifannaz",,,"Mine broke on my iPad","1",,"r/truespotify","https://www.reddit.com/r/truespotify/comments/1of2bte/comment/nl8f7jn/"
"comment","Ok_Spite6875",,,"It suggests good stuff for me, relevant possibilities for my playlists. If something doesn't fit, just hit minus.","1",,"r/truespotify","https://www.reddit.com/r/truespotify/comments/1of2bte/comment/nldipfg/"
"comment","Past_Ad3132",,,"I’ve never used smart shuffle. Don’t even know how to do it.","-1",,"r/truespotify","https://www.reddit.com/r/truespotify/comments/1of2bte/comment/nl5xww9/"
"comment","tommy_pt",,,"Oh god no……it’s not good","0",,"r/truespotify","https://www.reddit.com/r/truespotify/comments/1of2bte/comment/nl5yi3a/"
"post","Vaporware_salesman",,"Issue with smart shuffle","If I listen to just one hip hop song my entire algorithm gets taken over and it assumes all I want to listen to is hip hop. I don’t have a problem with hip hop I just want more variety. Is there any way to fix this?","6","2","r/truespotify","https://www.reddit.com/r/truespotify/comments/1rgm0s7/issue_with_smart_shuffle/"
"comment","ashdragon00",,,"If you like a song but not the genre, go to the song's menu and exclude it from your taste profile You can also make a playlist, exclude the entire playlist for your taste profile, and then add or remove to/from it as necessary.","2",,"r/truespotify","https://www.reddit.com/r/truespotify/comments/1rgm0s7/comment/o7sec0a/"
"comment","jingo800",,,"I've got quite a funny trick to alleviate this 'problem'.
I have several huge playlists which I tend to use for my everyday listening (or at least as the basis for my listening). If I want to throw in a random song without it affecting my taste profile I ALWAYS add it to the queue rather than play the song directly (whether that's from the album, playlist or search results).
This seems to prevent the issue you're detailing.","2",,"r/truespotify","https://www.reddit.com/r/truespotify/comments/1rgm0s7/comment/o7sphno/"
"post","Remarkable_Loan_3338",,"What’s the difference between smart shuffle and regular shuffle?","","2","4","r/truespotify","https://www.reddit.com/r/truespotify/comments/1oz5kne/whats_the_difference_between_smart_shuffle_and/"
"post","kettuhmine",,"spotify smart shuffling playing the same order with different recommended songs every time","this has literally never been a problem for me (or at least i didnt notice) until recently

no matter what i do it plays those songs in the same order every time

i really like spotify’s smart shuffle to find new songs to add to my playlist but this literally makes it unusable

ive tried randomizing the shuffle in the playback and even deleting the entire app (which also got rid of all my downloads🥲) as well as making a new playlist but nothing works

does anyoneeeee know what to do????","6","2","r/truespotify","https://www.reddit.com/r/truespotify/comments/1tnllbz/spotify_smart_shuffling_playing_the_same_order/"
"comment","iam_tunedIN",,,"I ran an experiment on Shuffle behaviour and have my findings HERE
These recommendations may help you too.","3",,"r/truespotify","https://www.reddit.com/r/truespotify/comments/1tnllbz/comment/onwkyn8/"
"comment","kettuhmine",,,"i saw your comment before and tried everything possible and still nothing
i think im converting to soundcloud full time lol","1",,"r/truespotify","https://www.reddit.com/r/truespotify/comments/1tnllbz/comment/onxka3z/"
"comment","Hot_Needleworker8289",,,"Smart shuffle adds random songs you didn't ask for","5",,"r/truespotify","https://www.reddit.com/r/truespotify/comments/1oz5kne/comment/np9ck0w/"
"comment","Remarkable_Loan_3338",,,"Okay ty","2",,"r/truespotify","https://www.reddit.com/r/truespotify/comments/1oz5kne/comment/np9cn8h/"
"comment","xxnaxi",,,"Yes it will add new songs you basically never heard. It’s nice sometimes :)","5",,"r/truespotify","https://www.reddit.com/r/truespotify/comments/1oz5kne/comment/np9f0yq/"
"post","ThermalDeviator",,"I like Smart Shuffle; I hate Normal Shuffle!","You got yer Smart Shuffle and yer Normal Shuffle -Smart Shuffle plays recommended songs after your album is over. This is kinda nice so music automagically keeps going after an album or playlist is over —and I get to discover other artists.

Normal Shuffle, on the other hand, shuffles songs within an album or playlist and it is on by default. I don't like this at all. I'm aware that I can toggle it off in the play window, but that just for that album or playlist. Normal Shuffle just comes back like a bad burrito dinner, when I spin up a different album.

This is a constant annoyance: many artists put songs in a specific order for artistic reasons. Think Pink Floyd. Or Jazz. Or can you imagine a classical album where they play the 4th movement before the 1st?

500 kazillion people complain about this. The Spotify Bossman could just say, ""Yo, Henry, when you get back from lunch would you code a toggle into Normal Shuffle, so people could turn it off permanently? Thanks, buckaroo!"" But... alas, no.

This seems intentional. I've been trying to figure out how Spotify makes more money making it impossible to permanently disable normal shuffle. It's either that, or they hear the complaints and just do not freakin' give a rat's spleen.

Anyway, vent amongst yourselves. We can all be miserable together.","0","7","r/truespotify","https://www.reddit.com/r/truespotify/comments/1skimxc/i_like_smart_shuffle_i_hate_normal_shuffle/"
"comment","ThermalDeviator",,,"It still annoys me that it defaults to mixing the order up and there's no way to disable this ""feature"" permanently, so it stops doing this when I bring up a new album.","1",,"r/truespotify","https://www.reddit.com/r/truespotify/comments/1skimxc/comment/ohhehf9/"
"post","_Vxndetta",,"smart shuffle is a joke","no song from the album I want to play for almost 10 songs in a row is a joke, guess I'll finally buy premium","15","5","r/truespotify","https://www.reddit.com/r/truespotify/comments/1rfaj0b/smart_shuffle_is_a_joke/"
"comment","Chippyyyy_",,,"smart shuffle plays recommended songs mixed with the album/playlist that you're listening both modes play recommended songs after the album/playlist is over, and although i agree that smart shuffle can help you find new artists for me its just an annoying extra button I've disabled since regardless it barely plays me any new artists and most 9/10 times i just want to shuffle the songs within my playlist without anything unrelated to it, thats just me tho","3",,"r/truespotify","https://www.reddit.com/r/truespotify/comments/1skimxc/comment/ofzk02f/"
"comment","vinylbond",,,"Smart shuffle does not play songs after your album is over.
Sorry, didn’t bother reading the rest as your first sentence is fundamentally wrong.","3",,"r/truespotify","https://www.reddit.com/r/truespotify/comments/1skimxc/comment/ofzsi4z/"
"comment","icedchocolatecake",,,"Spotify free itself is a joke","11",,"r/truespotify","https://www.reddit.com/r/truespotify/comments/1rfaj0b/comment/o7iifw7/"
"comment","Grand_Insurance5001",,,"its so annoying atp id rather just listen youtube in browser ","1",,"r/truespotify","https://www.reddit.com/r/truespotify/comments/1rfaj0b/comment/o7n8jws/"
"comment","RealBluDood",,,"to be fully honest you're using the free version and you're actually getting free music, but I don't know what they're hitting to figure out what to actually play lmao","1",,"r/truespotify","https://www.reddit.com/r/truespotify/comments/1rfaj0b/comment/o7vf9sy/"
"comment","Infinite-Attitude672",,,"If you're gonna listen to music and you can't even choose the song, you might as well just buy a radio instead of using sloptify","1",,"r/truespotify","https://www.reddit.com/r/truespotify/comments/1rfaj0b/comment/ohqdsi9/"
"comment","Nomses",,,"Main stream is a joke in general. Very little to offer outside of ads primarily.","0",,"r/truespotify","https://www.reddit.com/r/truespotify/comments/1rfaj0b/comment/o7j1fh9/"
"comment","recoveringasshole0",,,"Liking smart shuffle is fine. I like smart shuffle.
Hating normal shuffle is wild.","1",,"r/truespotify","https://www.reddit.com/r/truespotify/comments/1skimxc/comment/og0155c/"
"comment","neneodonkor",,,"Ok. 🤷🏾‍♂️","1",,"r/truespotify","https://www.reddit.com/r/truespotify/comments/1skimxc/comment/og0fzj3/"
"comment","Correct-Cantaloupe39",,,"I’ve found so many old songs I’ve never heard before by having my smart shuffle on. It’s great!","1",,"r/truespotify","https://www.reddit.com/r/truespotify/comments/1skimxc/comment/og0gaqq/"
"comment","veRGe1421",,,"Shit there is no normal shuffle on Spotify. It sucks how they don't have a good shuffle still.","1",,"r/truespotify","https://www.reddit.com/r/truespotify/comments/1skimxc/comment/og0ghdc/"
"post","Olnoeyes",,"Account was Hacked, now my Algorithm is fucked.","A few days ago, my account got hacked. I didn't notice right away, they added something like 2k songs to my liked songs and played thousands of songs. I was able to get my account back and secure, but now my recommendations are all fucked. Is there a way to remove songs from the play history? I contacted Spotify support and they basically said ""Just play a bunch of music that you like, and it'll eventually go back"". I can't exclude them all from my taste profile as its literally thousands of songs and would take years to go through.","2","5","r/truespotify","https://www.reddit.com/r/truespotify/comments/1u23rmq/account_was_hacked_now_my_algorithm_is_fucked/"
"post","HalloSpaceB0y",,"Spotify getting repetitive","Is it a problem on my side or is there a feedback loop in Spotify's current state?

I keep having the same damn songs played over and over again when I let Spotify ""autoplay"", even the ones I'm hiding from the list, they keep coming back!

It wasn't happening before and I kept discovering new music, that's why I was on Spotify in the first place. Now it's like 95% of songs I already know/liked and the other 5% is discovering from artists I already know. And it's not even because I know ""a lot of songs"" it's really because I got the same 5-8 artists or so recommended to me over and over again! Back then it was 50/50...

The Spotify algorithm now looks like the Youtube shuffle algorithm, and it's HORRIBLE.","230","48","r/truespotify","https://www.reddit.com/r/truespotify/comments/12xo8yu/spotify_getting_repetitive/"
"post","Southern_Swim_7465",,"Do you ever ""fight back"" against Spotify’s algorithms? Looking to interview music listeners about resisting recommendations","Hey everyone!

I'm a bachelor's student working on my thesis on how music listeners navigate, push back against, or just ignore algorithmic recommendations on streaming platforms like Spotify.

What's this about?

We hear a lot about how algorithms shape what we listen to but less discussed is what we do about it.

I'm interested in the moments when you don't want the algorithm to decide. When you:

Ignore the recommendations and listen to your own playlists instead

Deliberately ""train"" the algorithm by liking/disliking certain songs

Avoid personalized suggestions

Seek out music outside what the platform suggests – on Reddit, YouTube, friends, record stores

Feel frustrated about the music recommendation systems defining your music taste 

Have ever thought ""this isn't for me"" and looked for other ways to consume music than through the algorithm

Who am I looking for?

If you use Spotify (or another streaming platform) regularly

If you've felt rejection about algorithmic recommendations

If you have any strategies – big or small – for shaping your own listening experience

If you're willing to chat for around 30 minutes online (video or audio, whatever you prefer)

No expertise needed, just personal experience.

Why does this matter?

Most research on algorithms focuses on what they do – not how people live with them. By sharing your experiences, you'll help understand how listeners maintain their autonomy, identity, and taste in an age of algorithmic curation.

Comment below if you are interested, and I'll DM you, or send me a direct message, or email me at pernehugo@gmail.com.

Happy to answer questions here or in DMs. Thanks for reading!","0","6","r/truespotify","https://www.reddit.com/r/truespotify/comments/1rp4k1j/do_you_ever_fight_back_against_spotifys/"
"comment","rippedoffguy",,,"By design, this is just how Spotify works, go play song radios and stuff you like. Will be fine in a beat","6",,"r/truespotify","https://www.reddit.com/r/truespotify/comments/1u23rmq/comment/oqvrb28/"
"comment","maneleboy",,,"I also ran into this problem. Every time but the same music tracks. Recently I discovered the existence of a tool (called: Discoverify) where there is a free playlist like Discover Weekly, but every day. You can independently set certain preferences, such as acoustics, danceability, energy, popularity, your mood. Then it's also possible to base the playlist on artists/music tracks you've listened to over the past four weeks, six months or based on your entire listening history.
In my opinion, this is the option to avoid listening to the same thing every day...","23",,"r/truespotify","https://www.reddit.com/r/truespotify/comments/12xo8yu/comment/jhjxdpn/"
"comment","iam_tunedIN",,,"I woul;d to these 3 things in order:
Move the unwanted tracks to a new playlist
Remove them from your Liked Songs
Exclude the new playlist from your taste profile
If you don't remove them from your liked songs Spotify will keep recommending them to you.","5",,"r/truespotify","https://www.reddit.com/r/truespotify/comments/1u23rmq/comment/oqvywjd/"
"comment","HalloSpaceB0y",,,"Awesome, I'll give it a try, thank you very much!!","2",,"r/truespotify","https://www.reddit.com/r/truespotify/comments/12xo8yu/comment/jhkp8qr/"
"comment","kdssek",,,"I could help you, sure.","1",,"r/truespotify","https://www.reddit.com/r/truespotify/comments/1rp4k1j/comment/o9ih36e/"
"comment","Southern_Swim_7465",,,"Sounds great! shall DM you","2",,"r/truespotify","https://www.reddit.com/r/truespotify/comments/1rp4k1j/comment/o9iw7lk/"
"comment","YoungGazz",,,"The Payola is strong in this one","9",,"r/truespotify","https://www.reddit.com/r/truespotify/comments/12xo8yu/comment/jhjjko9/"
"post","Pixel_CZ",,"I’ve tried switching to Apple Music and YT Music, but Spotify’s algorithm is simply unbeatable.","I’ve spent the last few months trying to ""break up"" with Spotify. I gave Apple Music a fair shot for its superior audio quality, and I tried YouTube Music because of the massive library and ad-free YouTube.

But honestly? I’m back.

Neither of them can touch Spotify’s recommendation engine. On Apple Music, I felt like I had to constantly ""work"" to find new music. On YouTube Music, the mixes felt repetitive and stuck in a loop of songs I’ve already heard a million times.

Spotify just... gets me. My Discover Weekly and Release Radar are consistently 8/10 or better. It’s like the algorithm knows my mood transitions before I do. Even after trying to leave, I realized that I value effortless music discovery more than lossless audio or a slightly better UI.

Does anyone else feel like they’re ""stuck"" with Spotify purely because no one else can match their data science? Or has anyone actually found a way to make Apple/YT Music’s recommendations just as good?","103","75","r/truespotify","https://www.reddit.com/r/truespotify/comments/1ra6kvh/ive_tried_switching_to_apple_music_and_yt_music/"
"comment","iam_tunedIN",,,"to make a bulk selection.
Open Liked Songs in the Desktop app
Open the new playlist in a webplayer beside the app
Click on the first track
Scroill do0wn useing your mouse wheel
Shift + Click on the last track (or Cltrl+Shift+Click)
Drag and drop to the new playlist
Go back to the your Liked songs and rt click > remove from liked songs","4",,"r/truespotify","https://www.reddit.com/r/truespotify/comments/1u23rmq/comment/oqw1x47/"
"comment","HalloSpaceB0y",,,"And I don't even listen to ""pop - radio friendly"" music :(","2",,"r/truespotify","https://www.reddit.com/r/truespotify/comments/12xo8yu/comment/jhjkhdx/"
"comment","iam_tunedIN",,,"You can make selections in blocks of 100-300 or you could highlight a thousand at a time. Doing higher numbers requires more patience to get right.
Always use the mouse wheel (never the scrolll bar). Scroll at a speed where you see all tracks. Sections of black (by scrolling too fast) may not be captured.","2",,"r/truespotify","https://www.reddit.com/r/truespotify/comments/1u23rmq/comment/oqw3lk8/"
"comment","zupobaloop",,,"I could complain about this topic for 30 minutes easy.","1",,"r/truespotify","https://www.reddit.com/r/truespotify/comments/1rp4k1j/comment/o9l119w/"
"comment","Southern_Swim_7465",,,"Hahah a great interviewee then, let's organize it through DM!","1",,"r/truespotify","https://www.reddit.com/r/truespotify/comments/1rp4k1j/comment/o9ncoy8/"
"comment","sun-tzuyus-artofwar",,,"I don't think so. I got hacked before and my Spotify Wrapped was completely messed up as well.","1",,"r/truespotify","https://www.reddit.com/r/truespotify/comments/1u23rmq/comment/oquud19/"
"comment","Helenarth",,,"Oh my god I would love to be involved. I used to be really into algorithmic recommendations but I've moved away from that and now I seek out opinions online/from friends/use real user-generated playlists.","1",,"r/truespotify","https://www.reddit.com/r/truespotify/comments/1rp4k1j/comment/o9jplr7/"
"comment","evoeevoe",,,"I could talk about this for hours, not to complain ! I am very happy with the algorithm in fact.","1",,"r/truespotify","https://www.reddit.com/r/truespotify/comments/1rp4k1j/comment/o9u1sk3/"
"comment","seanlaw27",,,"I love Gorillaz first album. From there, I really didn't take the same journey. Sometimes when I'm in a chill mode I'll put on Tomorrow comes today.
My daily mix 1 is pushing their new album hard on me. I've never listened to it. I don't really listen to them at all. But there they are on the cover of my daily mix 1 with a song I've marked as Hidden.
Lol it's a real thing.","4",,"r/truespotify","https://www.reddit.com/r/truespotify/comments/12xo8yu/comment/jhjxz0n/"
"comment","maqungo",,,"The fucked up thing is that the algorithm used to be so good like a year ago, wherein it would actually recommend new songs similar to the ones you're currently playing. And it would be a different recommendation on each listening session. Now it just 'recommends' the same songs in the same order on every listening session.","4",,"r/truespotify","https://www.reddit.com/r/truespotify/comments/12xo8yu/comment/kgyw5ec/"
"comment","HalloSpaceB0y",,,"EXACTLY, it's horrible","1",,"r/truespotify","https://www.reddit.com/r/truespotify/comments/12xo8yu/comment/khd8tpd/"
"comment","Atty_for_hire",,,"I’m 100% with you. I tried to switch out of Spotify last February. I’ve had Spotify for as long as I can remember. Before that I used iTunes and downloaded music. So it has my listening music from almost two decades ago. Plus we get Apple Music via Apple one. So I have it a solid month of Apple Music listening. Tried to keep my same music routines, just used Apple Music. I even read articles about how to make Apple Music work for me and work like Spotify. I couldn’t make it work for me. Spotify has so much more listening history plus a better algorithm I hated it after a week or two. But plowed through. I went back to Spotify and was immediately happy.","5",,"r/truespotify","https://www.reddit.com/r/truespotify/comments/1ra6kvh/comment/o6j1a62/"
"post","Low-Aside-6633",,"Anyone else experiencing music fatigue and struggling to “reset” Spotify recommendations?","Lately I’ve been feeling kind of saturated with music.

I don’t dislike what I hear, but nothing really hits anymore. I often loop the same things, and I feel like the algorithm just reinforces that instead of opening new doors.

I’ve had this especially with YouTube Music: at first the recommendations felt surprisingly open and interesting, then over time they narrowed down and became very repetitive.

Now I’ve got 4 months of Spotify Premium, and I’d like to really learn how to use it properly — not to over-optimize, but to give the algorithm a fair chance to surprise me again.

I’m curious:

– Have some of you gone through a similar “music fatigue” phase?

– Did you manage to reconnect with the pleasure of listening?

– Are there specific ways you use Spotify (Discover Weekly, radios, excluding tracks from taste profile, playlists, etc.) that helped without micromanaging everything?

I’m not trying to force discoveries — more like creating the right conditions for them to happen again.

Would love to hear real experiences rather than generic tips.","17","12","r/truespotify","https://www.reddit.com/r/truespotify/comments/1q1trap/anyone_else_experiencing_music_fatigue_and/"
"comment","JeecooDragon",,,"I use to use ""go to song radio"" feature a lot but then after like 3 months of doing that at least a 3rd of the playlist would have already saved songs. I'm seriously considering stopping my premium plan to just get back to Pi Music and using an mp3 converter to build my own playlists","2",,"r/truespotify","https://www.reddit.com/r/truespotify/comments/12xo8yu/comment/js7ihzd/"
"comment","DiscoRickyy",,,"I’m still Spotify all the way. The recently introduced Custom Mix feature is just heaps of fun. I love making these manual mixes. 
BUT…. I am seriously worried about how AI is going to play out. In my preferred genre, House/NuDisco, AI music is getting rampant on Spotify. 
I’ll let 2026 play out and see how Spotify seriously tackles, or better, prohibits AI. If they don’t, I will actively search for alternatives. ","5",,"r/truespotify","https://www.reddit.com/r/truespotify/comments/1ra6kvh/comment/o6kmf7f/"
"comment","HalloSpaceB0y",,,"There is also another solution, but it's not allowed to be talked about on this sub 😔","1",,"r/truespotify","https://www.reddit.com/r/truespotify/comments/12xo8yu/comment/js8c7py/"
"comment","AnxiousButAlright",,,"On a similar note though, Spotify’s AWFUL shuffle system made it easier for me to dip my toes into Apple Music since last week","25",,"r/truespotify","https://www.reddit.com/r/truespotify/comments/1ra6kvh/comment/o6hm2xq/"
"comment","TimmyGUNZ",,,"This has been happening for me for about a year and a half now. Stations or autoplay are just the same artists all the time. Even daily mix is just the same artists/songs repeated in different orders. The recommendations are so bad now, and they're so influenced by artists/labels paying for exposure.","49",,"r/truespotify","https://www.reddit.com/r/truespotify/comments/12xo8yu/comment/jhjfx51/"
"comment","capital2290",,,"Ya I have same issue even within my own playlist, I hit shuffle on a 8 hour + long playlist and I get the same batch of songs consistently in a 30 minute listening period. It is certainly frustrating.","13",,"r/truespotify","https://www.reddit.com/r/truespotify/comments/12xo8yu/comment/jhje2lf/"
"comment","Mike",,,"Huh? Spotify recently added a “fewer repeats” shuffle option so it doesn’t play the same songs often","6",,"r/truespotify","https://www.reddit.com/r/truespotify/comments/1ra6kvh/comment/o6ik4wa/"
"comment","AnxiousButAlright",,,"I turned that on and I still got the same 200 ish songs nonstop out of a library of 1300","13",,"r/truespotify","https://www.reddit.com/r/truespotify/comments/1ra6kvh/comment/o6iub6o/"
"comment","WavyWolf999",,,"My playlist is 88 HOURS LONG, and it does the same exact thing","8",,"r/truespotify","https://www.reddit.com/r/truespotify/comments/12xo8yu/comment/jhm6b05/"
"comment","More_Pineapple3585",,,"Let your Spotify go to Free status and try a new service for a while. Don't import anything, playlists or otherwise.","2",,"r/truespotify","https://www.reddit.com/r/truespotify/comments/1q1trap/comment/nx9eesj/"
"comment","ppettersson",,,"It's been like this for years and reported but Spotify wants it this way since nothing changes, most probably it has something to do with economics.","12",,"r/truespotify","https://www.reddit.com/r/truespotify/comments/12xo8yu/comment/jhjnu0s/"
"comment","MarioDesigns",,,"Have you used Apple Music before?
I’ve used it for a while like a year ago and the shuffle was worse than Spotify’s (which already is bad).
Felt unusable on any playlists that were longer than like 300 songs. Wonder if it has improved though.","2",,"r/truespotify","https://www.reddit.com/r/truespotify/comments/1ra6kvh/comment/o6kc07m/"
"comment","Low-Aside-6633",,,"I phrased my initial message poorly. What I meant is that I just created a new Spotify account to take advantage of the 4-month free trial. My previous experience was with YouTube Music.","1",,"r/truespotify","https://www.reddit.com/r/truespotify/comments/1q1trap/comment/nx9iufz/"
"comment","HalloSpaceB0y",,,"Update: it's even worse now, I'm listening to the ~2000s RHCP (don't judge me) and I end up on old school punk (that I listen a lot to, but has nothing to do with the funky chill RHCP tunes)
The algorithm now works depending on what you listen to and not what you ARE LISTENING to.
Good job Spotify 🫠","1",,"r/truespotify","https://www.reddit.com/r/truespotify/comments/12xo8yu/comment/jjl3vzl/"
"comment","gabbiestofthemall",,,"Definitely not just you. I ended up building my own queues from my playlist as a “shuffle” to avoid this, but it gets quite tedious and sometimes I don’t have the time. I don’t have many complaints about Spotify, but if anything is ever going to push me to cancel and switch to another service, it’s gonna be this.","5",,"r/truespotify","https://www.reddit.com/r/truespotify/comments/12xo8yu/comment/jhjq0ok/"
"comment","timffn",,,"And you don’t think this is because Spotify has years of data on you, where Apple Music has months?","9",,"r/truespotify","https://www.reddit.com/r/truespotify/comments/1ra6kvh/comment/o6jbmwc/"
"comment","[deleted]",,,"This is why I switched to Apple Music; recommendations aren’t great at the beginning but because AM casts a larger net I always find new stuff I’ve never been exposed to.","5",,"r/truespotify","https://www.reddit.com/r/truespotify/comments/12xo8yu/comment/jhknf9v/"
"comment","Administrative_Job99",,,"Why don’t you just listen to music you want to listen to, rather than what is on autoplay?","2",,"r/truespotify","https://www.reddit.com/r/truespotify/comments/1q1trap/comment/nxen9hf/"
"comment","MarioDesigns",,,"I’ve used AM for 2 years, it literally never evolved it’s recommendations at all.
I imagine it does better with some genres, but it was always pushing the same subgenre of rap regardless of what I tried to indicate about it.","3",,"r/truespotify","https://www.reddit.com/r/truespotify/comments/1ra6kvh/comment/o6kc7dr/"
"comment","Low-Aside-6633",,,"Because I love new technologies and algorithms, and I'd reached a point where I wanted to change my habits a bit, to discover new things without constantly searching (which I naturally do with literature, for example). To go in blind. I trusted a technology that's primarily designed to keep us comfortable. Except that the algorithms only perpetuated my confusion. It's my own use of it that needs improvement; since I can't program robots, I have to reprogram myself, and that's not so simple.","2",,"r/truespotify","https://www.reddit.com/r/truespotify/comments/1q1trap/comment/nxeq5qs/"
"comment","Castal",,,"In last year's Spotify Wrapped, my #1 song was one that I never chose to play on my own, but that Spotify autoplayed for me all the time. I guess my preferred genres aren't wide enough for a huge selection (I mostly listen to any combination of rock/folk/pop/indie/singer-songwriter kinda stuff) but I do get annoyed when I hear the same songs over and over.","5",,"r/truespotify","https://www.reddit.com/r/truespotify/comments/12xo8yu/comment/jhu7az8/"
"comment","soru_baddogai",,,"As an Apple music user who had Spotify for like a year before, when I used Spotify the algo was certainly better than Apple music, Spotify has the best algorithm. In my experience it is Spotify > YT music > Apple MusicYT. I still stick with Apple Music cause I don't need its algo to find new music. But Spotify one is the best. I care about lossless music and Spotify in my current country wants me to pay 3 times for a 3 user account for it (I live alone) which I don't think is reasonable.","3",,"r/truespotify","https://www.reddit.com/r/truespotify/comments/1ra6kvh/comment/o6k9vde/"
"comment","Moonshiner_no",,,"Stop relying on algorithms to find music and actively select the music you listen to.
Read music reviews and follow YouTube reviewers with similar taste.
Rateyourmusic.com is a good place to look for new music to check out","22",,"r/truespotify","https://www.reddit.com/r/truespotify/comments/1q1trap/comment/nx872ot/"
"comment","Other-Button-2710",,,"Just left for Apple after another price increase by Spotify.","7",,"r/truespotify","https://www.reddit.com/r/truespotify/comments/1ra6kvh/comment/o6hwz1i/"
"comment","[deleted]",,,"It’s called playing it safe to provide short term satisfaction. The algorithms play it safe and give you something for sure you like. The algorithm doesn’t want to take the risk and give you some thing really fantastic but it may risk providing you with something that you may not like you know there’s always risk and reward but the algorithm doesn’t want to take that chance it wants to keep you hooked on subscribing to provide you with these boring but safe songs.","6",,"r/truespotify","https://www.reddit.com/r/truespotify/comments/12xo8yu/comment/jhkfqs4/"
"post","ToxicCaptain",,"I got tired of Spotify trapping me in an algorithmic echo chamber, so I built an iOS app based on the Every Noise at Once genre map with 6,000+ microgenres and 1,000,000+ tracks!","Hey y'all! Thought I'd share the new updates I've been working on for EverySound, which is basically Every Noise at Once but iOS-native, with full Apple Music integration and other quality of life features. It's a map of 6,000+ genres and over 1 million tracks you can pinch, zoom, and tap around. If you've been feeling like Spotify, Apple Music, etc. are kinda bad at surfacing the fun/weird corners of its catalog, this is for you!

There's no recommendation algorithm, no ""we think you'd like this."" Just the map for you to explore. If you have an Apple Music subscription, you can now stream complete songs right inside the app. Before it was just 30-second previews. Now you can actually sit in a genre and browse its tracks without bouncing out to another app. Even if you don't subscribe to Apple Music, there's links on every track to listen on Spotify, Tidal, Amazon Music, etc.

You can also browse artists and their discography / associated genres in-app now! This was another big one. Before, if you found an artist you liked, you'd have to jump out to Apple Music to actually dig into their catalog. Now you can browse artists and their releases without ever leaving EverySound, from genre -> track you discover -> artist -> full discography and just keep wandering. Way less friction.

It's free to use, you can check it out here! Would love to hear what you think!

https://apps.apple.com/us/app/everysound/id6747628812","36","13","r/truespotify","https://www.reddit.com/r/truespotify/comments/1slpgz9/i_got_tired_of_spotify_trapping_me_in_an/"
"comment","Helenarth",,,"In my experience, algorithmic recommendations work best shortly after you discover something new organically.
If your algorithm feels stale, find a new artist you like another way - recommendations from Reddit are genuinely pretty good as everyone loves talking about new or underrated artists.
With that new artist in the mix your algorithm will update. So that one new band you discover via Reddit might lead you to five new ones to enjoy through the algorithm.","6",,"r/truespotify","https://www.reddit.com/r/truespotify/comments/1q1trap/comment/nx8n1ds/"
"post","RecentMatter3790",,"I don’t like how the algorithm pushes popular artists and not obscure artists.","The playlists like “All-new Country, or “All-new Dance”, as examples, tend to push artists that are already popular, and are chosen by the algorithm. The “Fresh finds” playlists aren’t made by the algorithm. There’s no way to make the “Fresh-finds” playlists only show unsigned, independent artists. If I let myself passively listen to whatever the algorithm recommends me, I’ll end up listening to artists that have high monthly listeners.

It’s extremely easy to find the artists that are trending and that are popular right now, (through playlists like “Today’s Top Hits” or the “Daily Song Charts”), but it’s not easy to find what exact genres those popular artists are popular in, nor there’s no easy way to find obscure artists. I don’t like that there’s no option to make the algorithm recommend artists below a certain range, like 500k monthly listeners or below. Instead, I am at the mercy of the “All-new [insert genre name here]” playlists. Guess I’ll listen to Powerwolf, because that’s what is new on new tracks, even though they are popular. It’s as if the whole thing is set up so people listen to popular stuff.

I also occasionally get pop-ups and videos for popular artists that are mainstream, although that’s not as big of an issue as the discovery of obscure artists. There are posts of people complaining about the pop-ups, so I assume that the artists pay to have their stuff displayed to people, without a say of what music taste people have. It’s as if I’m “listening” to the radio and I get the songs that the radio plays pushed to me.

There’s no way to know if artists that are on the curated playlists, or the “Made for you” playlists, have low monthly listeners, so I have to open the artists page to see if they have low monthly listeners. There’s no indicator, or some kind of badge within the playlists, that let me know if an artist, or song, is obscure.

I appreciate if ya’ll read the whole thing, but TLDR: The algorithm pushes popular artists on the playlists, while also pushing popular artists pop-ups, and there’s no easy way to find obscure artists.","19","21","r/truespotify","https://www.reddit.com/r/truespotify/comments/1r6rinb/i_dont_like_how_the_algorithm_pushes_popular/"
"comment","kranools",,,"I really wish there was a slider where we could adjust how adventurous the Spotify recommendations were.","5",,"r/truespotify","https://www.reddit.com/r/truespotify/comments/12xo8yu/comment/jhlm0vb/"
"comment","Live_Occasion2569",,,"You know, that if you decide to take a break for AM and don’t pay for a couple of months, they’ll delete all your data, right?","3",,"r/truespotify","https://www.reddit.com/r/truespotify/comments/1ra6kvh/comment/o6wkafd/"
