"appId","criteriaJson","date","replyDate","replyText","reviewId","score","scoreText","scrapedAt","text","thumbsUp","title","url","userImage","userName","version"
"com.spotify.music","[{""criteria"":""vaf_phase1_streaming_music"",""rating"":1},{""criteria"":""vaf_phase1_dj_feature"",""rating"":1}]","2026-04-21T16:15:57.836Z",,,"7e1815f2-36d1-4187-a936-12f969747892","5","5","2026-07-04T15:42:16.700Z","The free version is terrible. Bro you can only do 6 skips per hour and then it gives you a whole bunch of recommendations into the playlists you're listening to! like bro when I make a playlist I like it how it is I don't need some robot to recommend things for it! like seriously! I pay for premium now, because it's worth it, but barely. The paid version is excellent but very expensive.","28",,"https://play.google.com/store/apps/details?id=com.spotify.music&reviewId=7e1815f2-36d1-4187-a936-12f969747892","https://play-lh.googleusercontent.com/a-/ALV-UjXSlbshutvGhzEtwaF66-XlZRkbLjJXRFhNzGshNoybvycODl7JUQ","Catherine Hempel","9.1.40.1486"
"com.spotify.music",,"2026-04-10T00:04:24.771Z","2026-04-10T11:17:33.589Z","Hi. We'll pass this on to the ads team. Furthermore, have you tried a quick reinstall? If that doesn't help, you should give our Customer Service a shout by heading to support.spotify.com and searching ""Contact us"".","ad1d9be2-0959-4e98-8229-ee3ee4d9df0e","3","3","2026-07-04T15:42:16.700Z","I love music, it's the only thing that keeps me focused on things like drawing, love Spotify, I COULD listen outside of the app and for the last few months of what I expected was just a bug that now constantly happens whenever I leave the app to go to anything else, it closes and turns my music off, back when I'd have said five stars, maybe lower the price instead of increasing an extra dollar every year for premium, and FIVE ads? Thats unnecessary, two or three is fine, but five hits my anger.","29",,"https://play.google.com/store/apps/details?id=com.spotify.music&reviewId=ad1d9be2-0959-4e98-8229-ee3ee4d9df0e","https://play-lh.googleusercontent.com/a-/ALV-UjVrcmkir02OyHXAex-UOTZ-uWCYMB1hqqyK7OFMFN37PtvbEX22","Angel Mead (Willow)","9.1.36.1948"
"com.spotify.music",,"2026-02-11T01:13:08.878Z",,,"460fb39a-56f5-4f8f-b64c-7f3bf2e8578a","3","3","2026-07-04T15:42:16.700Z","free version sucks. Windows media player is better by light years (and WMP isn't an amazing platform, either). premium version works well enough to play music from, but is very confusing in how song ratings work. audiobooks are severely limited (15 hours with premium, and 15 hours more on a separate subscription - per month). if you want audiobooks or free music, I highly recommend a different platform.","221",,"https://play.google.com/store/apps/details?id=com.spotify.music&reviewId=460fb39a-56f5-4f8f-b64c-7f3bf2e8578a","https://play-lh.googleusercontent.com/a/ACg8ocI_ZQVvwc7E5CfeB4P7EsnqxBVivV6mURW9aTrZoWIx0pw-1g=mo","Nevada ZG","9.1.18.1504"
"com.spotify.music","[{""criteria"":""vaf_multi_device_sync"",""rating"":1},{""criteria"":""vaf_podcasts"",""rating"":3},{""criteria"":""vaf_social_recommendations"",""rating"":1}]","2026-02-27T20:05:23.746Z",,,"f38661ca-53a8-422e-9bc9-b15bf8351fd7","3","3","2026-07-04T15:42:16.700Z","Edit 2/27/26: Something seems to have changed in the last few weeks. I listen a lot, probably 4-5 hours a day while I do renovation work and every time I open the app it shows a ""you are back online"" message and it takes 2-3 minutes to load up all the recommendations and personalization stuff. Most of the time I am connected to high quality Wi-Fi or 5G networks. it's definitely not a connection issue since it happens everywhere I go. It's a music app so it's not critical, but still.","41",,"https://play.google.com/store/apps/details?id=com.spotify.music&reviewId=f38661ca-53a8-422e-9bc9-b15bf8351fd7","https://play-lh.googleusercontent.com/a-/ALV-UjWf20AsKJxdTphp_LI0Gx0CGOWUFBQSt92dzi7zk0V_5k8Gy4XM","Ryan Yokel","9.1.24.1739"
"com.spotify.music","[{""criteria"":""vaf_never_display_disruptive_ads"",""rating"":1},{""criteria"":""vaf_never_display_useful_notifications"",""rating"":3},{""criteria"":""vaf_apps_attribute_live_v1"",""rating"":3}]","2026-02-13T21:02:15.916Z",,,"f2794b6e-ee94-45ac-9ec6-21395085319a","1","1","2026-07-04T15:42:16.700Z","I already pay for premium but that only allows for 15 hours of audiobooks and now they want me to pay for an add on that's the same price as the monthly fee for only 15 hours more. For an extra 11.99 a month audiobook add on it should be unlimited. not to mention the constant price hikes and still having ads in my podcast when I pay for no ads. This will just be the next streaming service I cancelle","434",,"https://play.google.com/store/apps/details?id=com.spotify.music&reviewId=f2794b6e-ee94-45ac-9ec6-21395085319a","https://play-lh.googleusercontent.com/a/ACg8ocLuzdU_7fpr43mQu4jIIW46Cz9xXMFo_xlaP_JPqHkVfnLICg=mo","Brandy R","9.1.22.1630"
"com.spotify.music",,"2026-03-10T19:51:03.449Z",,,"4a6c4136-d56a-4a57-9305-230b888b5db6","2","2","2026-07-04T15:42:16.700Z","Personally, I don't understand why you have to double down on the free version of the app with a bunch of ads AND limited song choices. That's overkill and it makes this app hardly even usable for longer than 20 minutes before it devolves into music that's vaguely related to the stuff you chose to listen to. It's great when you spend money, but that's by design. Y'all make enough money to give us more than 6 skips... I mean, c'mon.","36",,"https://play.google.com/store/apps/details?id=com.spotify.music&reviewId=4a6c4136-d56a-4a57-9305-230b888b5db6","https://play-lh.googleusercontent.com/a-/ALV-UjX7-KnifvMHUnJ3f6JKHPSU11kJfjULCUjEDF3SvWXfRnogHIs","Deagan Bailey","9.1.28.2252"
"com.spotify.music","[{""criteria"":""vaf_phase1_learning_piano"",""rating"":3},{""criteria"":""vaf_phase1_song_lyrics"",""rating"":1},{""criteria"":""vaf_phase1_streaming_music"",""rating"":3}]","2026-03-07T12:42:20.710Z",,,"34ad5f8a-1382-42aa-b3cf-90ed6271e19c","2","2","2026-07-04T15:42:16.700Z","Shuffle does not actually shuffle. 'Shuffle' is just Spotify's version of a playlist. If I add a song to the queue, it'll play the song but will not change the shuffle, so that song could be played right away again if it was in that order of the 'shuffle'. Super annoying, especially considering the monthly price keeps going up, but the issue doesn't get resolved! Also, my app keeps skipping! Makes me feel like I'm back in the 90's and I need to take the CD out and wipe it off! it's not my settin","46",,"https://play.google.com/store/apps/details?id=com.spotify.music&reviewId=34ad5f8a-1382-42aa-b3cf-90ed6271e19c","https://play-lh.googleusercontent.com/a-/ALV-UjUrdo7UFW45AbpRmT_7jIu3XGUtLSb7Qj0YzN_Ga4VXZgfTz_z_2A","Alissa Troidl","9.1.28.2252"
"com.spotify.music","[{""criteria"":""vaf_never_display_difficult_to_use"",""rating"":2},{""criteria"":""vaf_apps_attribute_live_v2"",""rating"":3},{""criteria"":""vaf_phase1_dj_feature"",""rating"":1}]","2026-02-17T23:24:37.810Z",,,"e1616c1e-090d-4730-9b50-6228add85b87","4","4","2026-07-04T15:42:16.700Z","I love this app for the most part. I have premium and have ever since switching from Pandora, so I don't even fully remember the distinction between the free and paid subscriptions at this point, however it is frustrating when I am listening to a podcast with video and all of a sudden, it just shows the profile of the podcaster rather than the video. I remember having a method to fix this in the settings, but it's been too long since then to even remember what it was. Please fix this!!","205",,"https://play.google.com/store/apps/details?id=com.spotify.music&reviewId=e1616c1e-090d-4730-9b50-6228add85b87","https://play-lh.googleusercontent.com/a-/ALV-UjWN3BO0FOfNZMgkaBxqJtCdtFOOGF-BoKxCMB5rv5HgyF89BRQ4Ew","Arcadia Lamming",
"com.spotify.music",,"2025-07-09T16:12:53.233Z",,,"97cf892d-e913-4b23-8db8-84cab11e668a","1","1","2026-07-04T15:42:16.700Z","Free version is almost unusable. Good grief! 4 ads in a row then it tells me I can enjoy 30 minutes ad free. 2 songs later here are 4 more ads. At first I figured maybe a weird glitch. Nope. It's happens several times over the last few days. And on top of the that the ads are horrible. They're louder than your music so it's very jarring especially if you're listening to something chill, and they're repetitive. I can't listen to specific songs, everything is behind a pay wall now.","3096",,"https://play.google.com/store/apps/details?id=com.spotify.music&reviewId=97cf892d-e913-4b23-8db8-84cab11e668a","https://play-lh.googleusercontent.com/a-/ALV-UjUaY1EjoqNfw3kP7RjskHVyr33ooonoayme5Ijs1suMJ7osNhTJ","jolene","9.0.56.591"
"com.spotify.music","[{""criteria"":""vaf_phase1_song_recommendations"",""rating"":1},{""criteria"":""vaf_phase1_sharing_songs"",""rating"":1},{""criteria"":""vaf_never_display_meet_expectations"",""rating"":2}]","2025-04-16T14:01:43.689Z",,,"d23e9cb8-2510-4f3b-8c66-366971a541cf","1","1","2026-07-04T15:42:16.700Z","Spotify used to be incredible! Now, it's total trash! The connectivity is asteonomcally garbage - I could have 5G UC service, be playing downloaded songs, but Spotify will be constantly interrupted. I'm currently experiencing a complete blackout. I loved the way the queue was set-up, where you could see what was in the queue, & what was playing from the list - it was a large, legible set of tracks; now, it's a ""user-friendly"" mess, where it's impossible to see the queue, versus the list.","1243",,"https://play.google.com/store/apps/details?id=com.spotify.music&reviewId=d23e9cb8-2510-4f3b-8c66-366971a541cf","https://play-lh.googleusercontent.com/a-/ALV-UjUhnGB_OsrKubDyADm6JYu6kkbRRWYS3vEI65uZUFQ2e7WNE6Oe2A","AL","9.0.34.593"
"com.spotify.music","[{""criteria"":""vaf_phase1_dj_feature"",""rating"":2},{""criteria"":""vaf_phase1_fitness_app_integration"",""rating"":2},{""criteria"":""vaf_phase1_song_lyrics"",""rating"":3}]","2025-08-10T21:28:49.971Z",,,"5995ded2-f051-4ad1-ac69-0adac51ad4d7","1","1","2026-07-04T15:42:16.700Z","there are multiple things wrong with it, though it does have a lot of music it's hard to get to that music you want because of how it's set up. When I try to get a song it plays a different song from ""things we added"" which is really just a way to get money so you get so annoyed that you pay for premium. It plays other songs before it plays your song and it only lets you skip five times, it also adds things to your own playlist when you try to create one. I won't be using this app anymore.","1936",,"https://play.google.com/store/apps/details?id=com.spotify.music&reviewId=5995ded2-f051-4ad1-ac69-0adac51ad4d7","https://play-lh.googleusercontent.com/a/ACg8ocKp7DFp5or_S0rtb6fCG10S9am-ZMzBqnI3hggN__5djg9iWA=mo","Courtney Richey","9.0.66.655"
"com.spotify.music",,"2025-07-25T17:29:27.933Z","2025-07-25T16:48:51.420Z","Hey! We hear you, and we'll pass your feedback along to the Ads team. Also, you might be able to find some steps to help with this on our Community. Just head to community.spotify.com and search for ""30 mins of uninterrupted listening"".","24ef0baf-30c3-4c54-85dc-ca88819f744a","1","1","2026-07-04T15:42:16.700Z","The app is driving me crazy. For one, there's an oversaturation of ads -- roughly 2-3 minutes of ads per 3-5 minutes of music. And the ads where it's like ""Watch this ad to get 30 minutes of ad-free listening"" don't work at all; I just get more normal ads within 5-10 minutes. I'm not buying a membership, Spotify, and your bugs, intentional or not, aren't gonna force me to. Edit: Looked at community page. Solution was to keep the app in focus while the video plays. Problem: I ALREADY HAVE BEEN!","360",,"https://play.google.com/store/apps/details?id=com.spotify.music&reviewId=24ef0baf-30c3-4c54-85dc-ca88819f744a","https://play-lh.googleusercontent.com/a-/ALV-UjU-wfQZfXEtZggMxvWBM8uGgU6r5qb6krNtvDpOwwlDwE3rxmsy","Zac Broderick",
"com.spotify.music",,"2025-04-19T18:47:04.644Z","2025-04-19T19:25:05.220Z","Hi there, thanks for your feedback. No worries, we'll pass this along to the Ads team. To get the 30-minute ad-free music, be sure to keep the video ad in focus. Don't navigate to another app, browser, etc. Make sure that you're not accidentally clicking the ""No, thanks"" button as well, when prompted to watch the ad. Hope this helps.","581243b4-a27c-4bb8-98dd-05e8cb92f0b4","1","1","2026-07-04T15:42:16.700Z","I have the free version right now because I can not afford premium. I will get the ad saying ""listen for 30 minutes of ad free music"" then it literally plays 1 3-4 minute song before I get another 2 minute set of ads. I habe time stamped screen shots to prove this. At this point, I feel as though im listening to more ads than I am music and highly considering switching streaming services. We're getting to a point where I almost can't listen to music unless I pay. Fix it!","2357",,"https://play.google.com/store/apps/details?id=com.spotify.music&reviewId=581243b4-a27c-4bb8-98dd-05e8cb92f0b4","https://play-lh.googleusercontent.com/a-/ALV-UjWhSStPT-FprabzPS-GsvDVC5y5Ikt1HjWju3XKFLls5MgSXIfxfw","Tabetha Baranski","9.0.34.593"
"com.spotify.music",,"2025-12-30T05:27:30.512Z","2025-12-20T12:43:01.506Z","Hi Inez. We appreciate your feedback. To enjoy the best version of our free experience, including all the latest features, please make sure your app is updated to the latest version. If that doesn't help, you can get in touch with our Customer Service by heading to support.spotify.com and searching ""Contact us"".","82617fd8-7420-41a0-8acf-ae43ca3e5eca","2","2","2026-07-04T15:42:16.700Z","Great app! The only thing I hate about this app is that it literally does NOT give us the bare minimum!? For example, being able to loop a song. I get the ad part, I don't mind it that much actually– but why not give free users the loop button? We already deal with 6 skips an hour, 2-4 ads after 2 songs, and not being able to play a playlist in order. Plus, the individual premium is 12 dollars a month, probably not bad for others, but I wouldn't buy it for a music app. Updated: Not much changed.","2027",,"https://play.google.com/store/apps/details?id=com.spotify.music&reviewId=82617fd8-7420-41a0-8acf-ae43ca3e5eca","https://play-lh.googleusercontent.com/a-/ALV-UjUeQU7o1DR69qHIMsocKays3Vh3SLdWYdB-VyDe0rbDj7JTmLcG","Inez Tela (Nezz)","9.1.6.1145"
"com.spotify.music",,"2025-08-01T23:58:48.583Z",,,"e0ab3f7a-2677-42ed-90db-745b1d890868","1","1","2026-07-04T15:42:16.700Z","This company has just the worst software. It is slow to load and not very responsive. I click to play a different song and it takes 5 seconds to switch songs, if it does it at all. Constantly disconnects from connected devices. I move a song in the playlist and it bounces around, sometimes returning back to original position. The AI DJ just plays the same songs over and over and the voice is obnoxious. Some of these bugs have been in the software for nearly 10 years and still not fixed.","1163",,"https://play.google.com/store/apps/details?id=com.spotify.music&reviewId=e0ab3f7a-2677-42ed-90db-745b1d890868","https://play-lh.googleusercontent.com/a-/ALV-UjW0ROfEiije5VEnwk_a5RfiwO8QOqKn4xlui0iYNKRgzNNbUXcu","Matthew Koenn","9.0.66.655"
"com.spotify.music",,"2024-11-27T17:21:24.632Z",,,"177a1748-02f9-4869-b445-7e16aae2568b","3","3","2026-07-04T15:42:16.700Z","I love Spotify and have for years, use it almost every single day. So when they added the option to listen to audio books with the premium subscription I was very excited, however, who ever decided to put a limit on how many chapters you can listen to and then decided you can buy more chapters for the same price as I pay for my premium subscription deserves to get fired. That is the stupidest thing I've ever seen. Do better Spotify.","150",,"https://play.google.com/store/apps/details?id=com.spotify.music&reviewId=177a1748-02f9-4869-b445-7e16aae2568b","https://play-lh.googleusercontent.com/a-/ALV-UjXqe6vKRznrzuz8DoS-J1EXl4-CHmhGO0v2WSr5eFSHEn2HiPJD","Ron Middleton","8.9.94.470"
"com.spotify.music","[{""criteria"":""vaf_phase1_learning_piano"",""rating"":2},{""criteria"":""vaf_phase1_equalizer"",""rating"":3},{""criteria"":""vaf_phase1_fitness_app_integration"",""rating"":2}]","2025-05-06T04:36:58.155Z","2025-05-06T05:26:01.564Z","Hi. Have you tried a quick reinstall? If that doesn't help, we'd recommend reaching out to our Customer Service at support.spotify.com. Just search “Contact Us”, and they'll be happy to help.","c5de7d25-db91-4088-b575-32040d2f3fc3","1","1","2026-07-04T15:42:16.700Z","I usually love Spotify, I even have premium, but recently it has been SO testy when I try to open it. Sometimes it will work fine, but most of the time it just opens to a black screen and no matter if I reset the app, or even my phone, nothing really helps it. When it does this, if it eventually opens, everything is incredibly slow to load. I'm very disappointed.","2164",,"https://play.google.com/store/apps/details?id=com.spotify.music&reviewId=c5de7d25-db91-4088-b575-32040d2f3fc3","https://play-lh.googleusercontent.com/a-/ALV-UjWo3R2Vv8vdXuDtYlbOXcF5JSg-Zj_SP-LtbPdEcOOWcT6VHsC-Mg","Sam Hatcher","9.0.40.391"
"com.spotify.music","[{""criteria"":""vaf_podcasts"",""rating"":1},{""criteria"":""vaf_multi_device_sync"",""rating"":3},{""criteria"":""vaf_phase1_equalizer"",""rating"":2}]","2024-09-01T09:45:37.709Z",,,"76ee3ce7-6323-41ee-b04c-8f0dc19084bd","3","3","2026-07-04T15:42:16.700Z","I love having the music. I use spotify every day. Three stars because the app itself is absolute trash. It is constantly crashing, freezing, and randomly stopping. EDIT 03/22: don't know what they did but they made it worse than ever. Spotify is trash, yall. Edit 08/24: Dear Spotify. Pay artists more. Also do something about the various versions of songs as it relates to the favorites list. Maybe like suggest the other versions when you add the song to a playlist or something.","153",,"https://play.google.com/store/apps/details?id=com.spotify.music&reviewId=76ee3ce7-6323-41ee-b04c-8f0dc19084bd","https://play-lh.googleusercontent.com/a/ACg8ocJUnrLm25aHpSD3s963EOT53XRRtqlxZgPC4YFGlHJOl_P_8w=mo","Kacey Mayes","8.9.68.456"
"com.spotify.music","[{""criteria"":""vaf_phase1_song_lyrics"",""rating"":1},{""criteria"":""vaf_phase1_dj_feature"",""rating"":3},{""criteria"":""vaf_phase1_learning_piano"",""rating"":3}]","2024-12-10T21:13:15.946Z","2024-12-10T21:26:20.863Z","Hi. We're open to feedback, and we'd love to get some more info about this. If you have the time, give our Customer Service a shout. You can find them by heading to http://support.spotify.com and searching ""Contact us"".","d899f8e7-8173-4bf1-9b8c-a3d8ea5b23f8","2","2","2026-07-04T15:42:16.700Z","I had to edit my review, it used to be 5 stars but I'm lowering it because all of the sudden, every now and then, it'll switch what Im listening to. I've been listening to a podcast's library and it switched me to a curated list. If you want to make me a recommended list, fine but I don't HAVE to listen to that other stuff and this app is making it so I have to. Super inconvenient, especially while driving. I've used this app for years and never had any issues until recently.","385",,"https://play.google.com/store/apps/details?id=com.spotify.music&reviewId=d899f8e7-8173-4bf1-9b8c-a3d8ea5b23f8","https://play-lh.googleusercontent.com/a-/ALV-UjU9BOUTAJxqZiXTJTcJqbsXrbpDPEC8WFWDTI-YhvrzNvub2bTH","HeatherLee S","8.9.98.488"
"com.spotify.music",,"2025-07-17T06:33:06.121Z",,,"48ee3c73-a3f1-4f28-b865-eac60dcd2e2b","5","5","2026-07-04T15:42:16.700Z","I LOVE Spotify, and as a user since circa 2013, I like to think I'm think I'm an early adopter and have a lot of experience with the app. That said, the last 6 months it's gone drastically downhill. The app constantly closes with no crash report, it just stops playing and it closes. Sometimes it's playing and the app is not even showing as open, which is fun. Sometimes, it's choppy and that may be a service issue but it's only been happening the last few months. Not sure what's going on!","17353",,"https://play.google.com/store/apps/details?id=com.spotify.music&reviewId=48ee3c73-a3f1-4f28-b865-eac60dcd2e2b","https://play-lh.googleusercontent.com/a-/ALV-UjXWz3xzEjkjjPrMqA1MQ1JzUpxBcAqnQaEMjpEtenTRI24LVg9anA","Bridget Gunden","9.0.60.614"
"com.spotify.music",,"2025-09-06T12:51:42.704Z",,,"375848e9-a8ee-47c4-a08f-458c3d701fa0","2","2","2026-07-04T15:42:16.700Z","Love the app! Good music variety. Lyrics are pretty in sync with every song. This also has a wide variety of podcasts. Edited: This kinda sucks. I was using it for a month, and I was able to skip any song, pick what song I wanted to listen to, and listen offline. I wasn't even paying for premium. Now I wake up, and it all changes. I can't skip as much as I could, and I can't pick out a specific song. AND THERE ARE SO MANY ADDS. GOOD GOD. The fact that I can't skip as much is ridiculous.👎","1042",,"https://play.google.com/store/apps/details?id=com.spotify.music&reviewId=375848e9-a8ee-47c4-a08f-458c3d701fa0","https://play-lh.googleusercontent.com/a-/ALV-UjVc_ZRzFYurj9X6nwS63-UiQYlMHX9AeSBZDPB6bxT2QV_j0Nau","Kameron Fields","9.0.76.1126"
"com.spotify.music","[{""criteria"":""vaf_phase1_fitness_app_integration"",""rating"":3},{""criteria"":""vaf_phase1_learning_piano"",""rating"":2},{""criteria"":""vaf_phase1_equalizer"",""rating"":3}]","2024-12-10T20:44:37.680Z",,,"9fb0ebf6-ddb7-40e7-8d07-7b075e0be4c0","2","2","2026-07-04T15:42:16.700Z","App has become horribly unstable. The app crashes on me every other song, sometimes I get two songs in-between. I have reinstalled the app, cleared the cache, undownloaded and redownloaded all saved playlist. But the app still crashes constantly. Not worth the membership cost anymore, given that I can't enjoy my music. I hope it gets fixed with the next update, but considering the issue wasn't fixed after the last time I brought this issue up, I'm not hopeful.","284",,"https://play.google.com/store/apps/details?id=com.spotify.music&reviewId=9fb0ebf6-ddb7-40e7-8d07-7b075e0be4c0","https://play-lh.googleusercontent.com/a/ACg8ocK9rbjRlyCS8LDzl9uhmFhgmZRVIiV4uIcjwSJ5NTjjcTWvncQ=mo","Taylor Dixson","8.9.98.488"
"com.spotify.music",,"2025-01-16T23:11:53.110Z",,,"4426059a-7feb-46e3-9d7d-a5b8302c0a1b","1","1","2026-07-04T15:42:16.700Z","TOOK AWAY THE LAST GOOD THING ABOUT SPOTIFY, the queue!! Used to be able to click queue and select random songs from library in the queue to play next, now you can't, have to individually drag each song to the top. Absolute trash. EVERY single update Spotify has done for the last 5 years has made the app worse and worse. Used to be the best, can't get my 7000 songs off the damn app without starting completely over on something else, no transfer apps work. So effing mad.","413",,"https://play.google.com/store/apps/details?id=com.spotify.music&reviewId=4426059a-7feb-46e3-9d7d-a5b8302c0a1b","https://play-lh.googleusercontent.com/a/ACg8ocJtJD20N8eSdbj-ZwX6haDWZeHpZQE87ovTPKQBqdY3bbLTuw=mo","keith saylor","9.0.10.415"
"com.spotify.music",,"2025-03-09T13:48:02.864Z",,,"c15ff6b7-d08d-4c91-90f2-c010361c0f01","1","1","2026-07-04T15:42:16.700Z","When using the Free version of this app, searching and playing a song is broken. For example, if I search and play ""Billie Jean"" by MJ, it will play ""Beat it"" or ""Thriller"". Earlier versions of spotify did not do this and it makes this app one of the most unreliable apps for Free music playing - along with your procured playlists on permenant shuffle. You'd be better off with competitor products. WOULD NOT RECOMMEND - unless you have over 100 dollars a year to blow on premium.","692",,"https://play.google.com/store/apps/details?id=com.spotify.music&reviewId=c15ff6b7-d08d-4c91-90f2-c010361c0f01","https://play-lh.googleusercontent.com/a-/ALV-UjXOkCez7Fy3wZuM33fTQGVZ-j6oV8xMsu0iE9pyq9wXkYHlkOlo","Pyroshock","9.0.24.601"
"com.spotify.music",,"2025-10-13T12:41:46.654Z",,,"bb7222c7-8118-4011-8476-7bc77e3c64c3","2","2","2026-07-04T15:42:16.700Z","I am so tired of this app. It gets more and more expensive. I had premium and it advertises audiobooks with your subscription, but only allows so many hours before it wants more money. cancelled premium bc I only listen to podcasts that have ads built in, forgot my alarm was set to my spotify Playlist. instead of a song, I woke up to 6 consecutive ads I had to listen to to get back to my podcast, to listen to more ads. Total garbage.","2500",,"https://play.google.com/store/apps/details?id=com.spotify.music&reviewId=bb7222c7-8118-4011-8476-7bc77e3c64c3","https://play-lh.googleusercontent.com/a/ACg8ocLl4nrtePZVRZDgBO7MjE-1wmVcPgSPrcNpbURV89VYPltC7Q=mo","Angela Bottorff","9.0.86.1358"
"com.spotify.music",,"2024-10-30T23:17:02.213Z",,,"24b586da-47a6-4b50-9e41-c5e4bce59752","1","1","2026-07-04T15:42:16.700Z","Unless you're going to pay for premium, don't bother. You used to get 30 minutes add free, but no longer. Oh, they still say to enjoy the next 30 minutes add free. After ONE song, you're stuck listening to several ads that run longer than the song you just heard. I thought it might be a bug, but it happens consistently now.","235",,"https://play.google.com/store/apps/details?id=com.spotify.music&reviewId=24b586da-47a6-4b50-9e41-c5e4bce59752","https://play-lh.googleusercontent.com/a/ACg8ocI7Shvu33KeWlzA_ZWowdOkhpMgPtyEPLVe0qDMY8PLXKwtP7gP=mo","Donovin Harvey","8.9.86.551"
"com.spotify.music",,"2025-10-21T10:56:11.400Z","2025-03-15T23:57:17.104Z","Thanks for the feedback – we appreciate it! We always aim to improve, so we’ll get this passed on to the right team. You can also let us know what you think over at our Community: https://community.spotify.com/","8364f00b-58fb-4ea8-a43e-6f7fba8dc99a","1","1","2026-07-04T15:42:16.700Z","At this point, just make Spotify a paid app cause instead of two ads, it's three, sometimes even FOUR. says 30 mins without ads, but it's like 5 mins, adds random songs in my Playlist, can only skip 6 songs each hour, and can't see what song is up next. a little update!! I love listening to music!! but I got 5 ads in a row. And I am not paying for Spotify premium.","8750",,"https://play.google.com/store/apps/details?id=com.spotify.music&reviewId=8364f00b-58fb-4ea8-a43e-6f7fba8dc99a","https://play-lh.googleusercontent.com/a-/ALV-UjXMLV6W1BTbDfUtTmWNu4fflzR2hlm6fK5CuwMJirskSj4TjkGx","Rhaleesi M","9.0.88.1405"
"com.spotify.music","[{""criteria"":""vaf_phase1_fitness_app_integration"",""rating"":2}]","2025-06-27T19:22:29.164Z",,,"6e901419-0542-4ed8-bff8-02a6b5113386","1","1","2026-07-04T15:42:16.700Z","Spotify has become top tier grabage these days. Phone and desktop doesn't sync reliably, can't remember what device it was just streaming to a second ago, doesn't play songs when they're clicked on, plays song when you don't click them but scroll past, their ""help"" is just full of regurgitated nonsense and they put zero effort into improvement. They corned the market and then went cut corners to make more money. what a surprise.","4847",,"https://play.google.com/store/apps/details?id=com.spotify.music&reviewId=6e901419-0542-4ed8-bff8-02a6b5113386","https://play-lh.googleusercontent.com/a-/ALV-UjVRY9L8zVV8DcVDkrbjQR5JjlVfmHEpFj7yAY2gUDMM0E0G_gBs","Anthony","9.0.56.591"
"com.spotify.music",,"2025-01-10T01:44:29.979Z","2025-01-10T02:03:09.117Z","Hi. We're open to feedback, and we'd love to get some more info about this. If you have the time, give our Customer Service a shout. You can find them by heading to http://support.spotify.com and searching ""Contact us"".","99faf7fe-6807-4923-be58-c9900c84ffb4","2","2","2026-07-04T15:42:16.700Z","I've been using Spotify for almost 10 years. I've noticed that the app no longer shuffles my playlits, so the same songs keep playing over and over again. I'm on the premium plan, yet I'm still getting ads on podcasts and I don't have access to audio books. There are some podcasts that I used to listen to almost daily that have now become locked. What's the point of paying for a premium subscription if I don't gain access to everything the app offers?","274",,"https://play.google.com/store/apps/details?id=com.spotify.music&reviewId=99faf7fe-6807-4923-be58-c9900c84ffb4","https://play-lh.googleusercontent.com/a/ACg8ocIq6id2ubJ1pwNCsigPup7d_L-BNtuKBrb642lB0zdmBSbCkQ=mo","Effie","9.0.2.459"
"com.spotify.music","[{""criteria"":""vaf_phase1_learning_to_sing"",""rating"":2},{""criteria"":""vaf_phase1_equalizer"",""rating"":3},{""criteria"":""vaf_phase1_song_lyrics"",""rating"":1}]","2025-03-31T04:02:33.324Z",,,"63b44072-d29e-4e6b-917c-a76b80f085f9","2","2","2026-07-04T15:42:16.700Z","Great navigation, love the system and format, especially the playlist making system. It's just SO MANY ads, and that's not something I usually complain about but seriously? After every other song? The thirty minute ad breaks don't even work, it's totally immersion breaking, especially getting the same ads over and over and the singing ones are just so annoying. Quit money grabbing, not everyone has money to throw away. Sometimes it just skips songs on its own and it's janky on Aux.","619",,"https://play.google.com/store/apps/details?id=com.spotify.music&reviewId=63b44072-d29e-4e6b-917c-a76b80f085f9","https://play-lh.googleusercontent.com/a-/ALV-UjUu_POgC4_10lEahsgSC_gGXxN1weIV6QdPF2nQNaRTJx3pLjhU","Analeigh Galindo","9.0.30.642"
"com.spotify.music",,"2025-03-26T15:16:49.511Z",,,"4f3069bc-bbb3-4b7c-8bc4-13d78a50a1ae","3","3","2026-07-04T15:42:16.700Z","Good interface, but... It'd be way better if Spotify on mobile devices was like Spotify on computers. Just look at how much more freedom you get on a computer when you listen to music in comparison with how limited the mobile version is! I don't know why it is the way it is (most likely marketing, but what isn't nowadays?)... Anyway, not really that good of an experience if you have Spotify Free but I still use it for some reason :/","331",,"https://play.google.com/store/apps/details?id=com.spotify.music&reviewId=4f3069bc-bbb3-4b7c-8bc4-13d78a50a1ae","https://play-lh.googleusercontent.com/a-/ALV-UjUxWM4x5DI8ERxhfFIAK-peQk2NgaG0vxWnmrp6Bm7QUB2YtOuFng","Teacup Appleblood","9.0.28.630"
"com.spotify.music","[{""criteria"":""vaf_sharing_songs"",""rating"":1},{""criteria"":""vaf_phase1_making_playlists"",""rating"":1},{""criteria"":""vaf_phase1_android_wear"",""rating"":3}]","2024-11-15T15:53:46.279Z","2024-11-15T15:42:35.524Z","Hey there! We suggest reaching out to our Customer Service at http://support.spotify.com for further help. Just search ""Contact Us"", and they'll be happy to assist.","b55b5b30-774b-4813-8ece-871fce152df1","2","2","2026-07-04T15:42:16.700Z","Always loved this app. I pay for premium but you still add commercials even though I pay to not have commercials. Granted they can be skipped, but I don't EVEN WANT THEM THATS THE POINT OF PAYING NOT TO HAVE THEM, having the ability to skip is pointless when I have to pick up my phone a million times during a podcast to skip the stupid BOSE headphones commercials. Per Spotify they told me to contact customer support, which I have, and they've never responded or fixed it.","226",,"https://play.google.com/store/apps/details?id=com.spotify.music&reviewId=b55b5b30-774b-4813-8ece-871fce152df1","https://play-lh.googleusercontent.com/a-/ALV-UjUwLLG5r0AcsHaB2UaWST6K7HNX_QNjirv0PaxelEBAfePavkw3SA","Courtney","8.9.92.408"
"com.spotify.music",,"2024-12-29T17:31:11.298Z","2024-12-30T01:53:05.580Z","Hi! We'd suggest reaching out to our Customer Service team to get help on this. Just search ""Contact Us"" at http://.support.spotify.com.","adb6d5d2-781b-4db9-b050-4fcb7e735e8b","1","1","2026-07-04T15:42:16.700Z","Plays 1 song at a time. No longer able to listen to playlists or stations. It stops after 1 song. I've cleared cache. Restarted my phone. Uninstalled and reinstalled. Even cleared storage and Uninstalled other apps. Nothing works. I stopped my subscription due to similar issues and now this free version is no longer worth the work or time. I'm done.","324",,"https://play.google.com/store/apps/details?id=com.spotify.music&reviewId=adb6d5d2-781b-4db9-b050-4fcb7e735e8b","https://play-lh.googleusercontent.com/a-/ALV-UjWoQvpZSPFNnHUwpvSj9BQclCYkTSpuRBmLlDDaeyDfaE7HtUd7eg","Avalia Leyva","9.0.2.459"
"com.spotify.music",,"2024-11-13T23:35:24.986Z","2024-11-14T01:18:07.349Z","Hey, sorry to hear that. We'll make sure that your feedback reaches the right team. We'd suggest posting this in our Community at https://community.spotify.com/t5/Ideas/ct-p/newideas. We'd also recommend reaching out to our Customer Service at https://support.spotify.com/contact-spotify-anonymous/, and they'll be happy to help you.","fc120a4a-d192-4559-91f9-104afa43463d","1","1","2026-07-04T15:42:16.700Z","Tbh I'm constantly having issues with the app. It never remembers what podcast episode I last listened to so I have to scroll forever everytime I listen to something else. It freezes a lot or takes forever to start playing. Tons of issues in Android auto with it. Freezing and just not playing, or playing but no sound is coming out. The widget almost never seems to work and I used to use it all the time. Samsung 24 Ultra. Also I'd like to be able to message my friends songs right in the app plz","220",,"https://play.google.com/store/apps/details?id=com.spotify.music&reviewId=fc120a4a-d192-4559-91f9-104afa43463d","https://play-lh.googleusercontent.com/a-/ALV-UjUSMSgcZM2_DnQy_UNO4QOftEhf3MMo3Rq9HAWFT_JQri_B_oH-wg","Burn The Blue Skies","8.9.90.127"
"com.spotify.music",,"2024-08-28T17:02:30.421Z",,,"fba82ff1-5261-4449-ae8e-8fba2cb466f3","4","4","2026-07-04T15:42:16.700Z","I very much like this app and have loved organizing all my songs and playlists. I'm a musician, so I have dozens of playlists. Overall great app, but please bring back the hearts! I don't know why it ever needed to get changed, but I way much more prefered the heart symbol to like a song over the little plus sign. It's now much more complicated than it needed to be.","104",,"https://play.google.com/store/apps/details?id=com.spotify.music&reviewId=fba82ff1-5261-4449-ae8e-8fba2cb466f3","https://play-lh.googleusercontent.com/a/ACg8ocKoVCCR8fUA9WcbJpsIl6AXdMdVtyp-Kjw9eAxFP5csVA-qPmyi=mo","Michaela Henderson","8.9.68.456"
"com.spotify.music","[{""criteria"":""vaf_never_display_ease_of_use"",""rating"":null},{""criteria"":""vaf_never_display_ads_experience"",""rating"":null}]","2024-09-28T04:09:21.555Z","2024-09-29T02:39:16.456Z","We're sorry to hear this, and we'll pass your feedback along to the Ads team. For an ad-free experience, we'd recommend checking out our Premium plans. If you've never had Premium before, you should be eligible for our trial. You can also check out other deals by heading over to spotify.com/premium.","8d5e29f2-7f64-4fae-b817-f82f99f9f4f1","1","1","2026-07-04T15:42:16.700Z","The apps performance really has degraded recently. Crashing every thirty or so minutes, randomly pausing songs, or just straight up dropping the playlist after it crashes and starts playing ""trending"" songs. I can't listen to custom mixes anymore because it crashes and kills the playlist so I have to restart it. The advertisement vs song ratio has become has become a joke, I can listen to FM radio stations and get less ads.","171",,"https://play.google.com/store/apps/details?id=com.spotify.music&reviewId=8d5e29f2-7f64-4fae-b817-f82f99f9f4f1","https://play-lh.googleusercontent.com/a-/ALV-UjUwuXbkpDcc_eTgVxA1hiRidfOeQU_YaALSs9VwDQn3OfwrV7U","Joseph","8.9.78.513"
"com.spotify.music",,"2024-12-22T11:07:15.784Z",,,"fbab2ae1-1404-4c03-a7b3-5f17ec0cbbb1","3","3","2026-07-04T15:42:16.700Z","Honestly, when i first started using this, it was an awesome app! It's got all my favorite artists in one place, but, after a while, on my phone, it just doesn't work(?) It will not play the next song, and it will get stuck on an ad, which i can't skip since I have to close the app. But overall, it's a great app, aside from the fact that you only have limited lyrics per month and six skins per hour, I love it! It's great for people who have money to spend on premium. (Aside from me, I dont)","135",,"https://play.google.com/store/apps/details?id=com.spotify.music&reviewId=fbab2ae1-1404-4c03-a7b3-5f17ec0cbbb1","https://play-lh.googleusercontent.com/a-/ALV-UjUEyDF1_JDFJu5lwOj8NqajqblRVn23F4Bptm6aOq_A7mm8t3DD","Kimber Mcgahan","9.0.2.459"
"com.spotify.music",,"2025-08-08T05:21:40.799Z","2025-08-08T13:09:15.510Z","Hi. We'd recommend restarting your device to see if that makes any difference. If that doesn't help, you can get in touch with our Customer Service by heading to support.spotify.com and searching ""Contact us"".","6c0de93b-b6e0-49a5-9225-8a7ded53b786","3","3","2026-07-04T15:42:16.700Z","I've used this platform since 2011, and it seems to get worse every year. I open another app(non-media related) and my queue disappears and stops playing the current song. It's as if Iuninstalled the app and reinstall it every time that happens. But if I close the app and reopen it, the music resumes. And when I open the app after a while, it lags. The team that works on this app need to do better. I'm really close to canceling premium and switching to an app that actually works properly.","533",,"https://play.google.com/store/apps/details?id=com.spotify.music&reviewId=6c0de93b-b6e0-49a5-9225-8a7ded53b786","https://play-lh.googleusercontent.com/a/ACg8ocKj_fOjtgZZqqUckLrxkLjP_n5eqe-3pKMTlDIrmJioZWr7RQ=mo","Eldon","9.0.68.632"
"com.spotify.music","[{""criteria"":""vaf_apps_attribute_live_v1"",""rating"":3},{""criteria"":""vaf_apps_attribute_download_for_offline_viewing_v1"",""rating"":1},{""criteria"":""vaf_never_display_deceptive_ads"",""rating"":3}]","2025-09-15T15:51:33.551Z","2025-09-15T15:40:07.213Z","Hi. Thanks for letting us know. Can you try clearing the data, uninstall again your current app and redownload directly from the Google Play Store to refresh things? If that doesn't help, you can get in touch with our Customer Service by heading to support.spotify.com and searching ""Contact us"".","b15769c3-f54c-4d37-b137-2610806120a6","3","3","2026-07-04T15:42:16.700Z","Unreliable app. I have my music downloaded so I can use when there is no service, but Spotify app freezes SO often. This is a recent issue, so hopefully I can get that fixed. There's also poor syncing across devices, making me have to delete EVERYTHING and redownload to see all of my liked songs again. pst, why is there a single button at the top of the library that can instantly delete all downloaded songs with no window asking if I meant to hit it?🙃","532",,"https://play.google.com/store/apps/details?id=com.spotify.music&reviewId=b15769c3-f54c-4d37-b137-2610806120a6","https://play-lh.googleusercontent.com/a-/ALV-UjWCZyyJcNqZH1wh3n6YQXk6sduGgJoKZdd3BqVlLCsTLqg_GKrW","Daniela Schaal","9.0.78.1116"
"com.spotify.music","[{""criteria"":""vaf_sharing_songs"",""rating"":1},{""criteria"":""vaf_phase1_equalizer"",""rating"":3},{""criteria"":""vaf_phase1_multi_device_sync"",""rating"":1}]","2025-02-06T09:02:08.959Z",,,"bf73442f-280c-4478-9c66-dd7dfa9e315d","3","3","2026-07-04T15:42:16.700Z","Used to have a 2 star rating for the app in 2023, and major issues have been updated, but i still continue to have some issues with songs randomly pausing and not playing. The ads are also insane. 3 to 4 30 second ads in a row after only playing a few songs is very irritating to say the least. I don't have the money to be spending $12/mo for premium so it is what it is, but it gets annoying. Otherwise, app is pretty good for listening to music whenever, driving, walking, etc.","360",,"https://play.google.com/store/apps/details?id=com.spotify.music&reviewId=bf73442f-280c-4478-9c66-dd7dfa9e315d","https://play-lh.googleusercontent.com/a-/ALV-UjWMaP6NsRoz2p5Z5ZgoLdeUB1FEmJhXhTSHSDTijrtMJlLAUR57","Christina Porter","9.0.12.567"
"com.spotify.music","[{""criteria"":""vaf_phase1_dj_feature"",""rating"":3},{""criteria"":""vaf_phase1_finding_playlists"",""rating"":1},{""criteria"":""vaf_phase1_learning_to_sing"",""rating"":3}]","2025-08-04T01:42:12.770Z",,,"33fbbcf6-066d-45d0-ad50-0db90b0b15e5","4","4","2026-07-04T15:42:16.700Z","I absolutely love Spotify and have since 2008. I always pay for premium because I can't stand commercials. Reason for the 4 star rating is due to a reoccurring issue causing me to reinstall the app to fix it. Eventually i can only play 1 genre of music from my library. doesn't matter if I make a shuffle all playlist or select a specific song from different genre. it only affects my downloaded/liked songs. It could be 4 months or a year, it always seems to happen. It's very annoying.","487",,"https://play.google.com/store/apps/details?id=com.spotify.music&reviewId=33fbbcf6-066d-45d0-ad50-0db90b0b15e5","https://play-lh.googleusercontent.com/a-/ALV-UjVMjgyl0wYjBiQztprxnz2N7KS-Kac7VXIxaZdZ2HtqctJBloojwA","Chris Kealiher","9.0.66.655"
"com.spotify.music",,"2025-06-09T18:35:52.934Z","2025-06-09T18:43:28.937Z","Hey there! We understand your concern about the app not working properly. We're here to lend a hand further, and we'd love to get some more info about this. If you have the time, give our Customer Service a shout. You can find them by heading to support.spotify.com and searching ""Contact us"".","c03bf269-3818-42d6-a80c-f4ff5b07e417","2","2","2026-07-04T15:42:16.700Z","I am not a fan of the results that kick out anytime I go to a song's ""Go to song radio"". When I want to go to the radio of a particular song, I expect similar songs that align with the song tempo/genre. However, this option just shuffles the latest music that has been released. I'm not sure if that's what is intended with this option, however my interpretation is that it should be playing similar music styles. If I wanted to listen to new releases, I would just go to my release radar.","71",,"https://play.google.com/store/apps/details?id=com.spotify.music&reviewId=c03bf269-3818-42d6-a80c-f4ff5b07e417","https://play-lh.googleusercontent.com/a/ACg8ocI-_uuGpvWWhGmuC_UsZdw0uxMwvhX8yqH-5N2lZIqa5rlvqw=mo","kristina249","8.7.42.943"
"com.spotify.music",,"2025-10-29T00:31:20.210Z","2025-10-30T22:55:01.343Z","Hi! Thank you for sharing your thoughts with us. We will ensure that your feedback reaches the appropriate team. We also suggest that you contribute your ideas to our 'Ideas Board' at community.spotify.com. Simply navigate to the Menu > Ideas. This way, others can vote or join the discussion to express their support.","89004759-dd30-4232-955e-91dcc02874a4","3","3","2026-07-04T15:42:16.700Z","Great streaming app. 2 things I wish they would add, one, a ""dislike"" button to compliment the heart. Hiding songs isn't the same. Makes playlists shorter by just not playing a song, and doesn't solve the problem of a not liked song showing up on playlists. It just gets grayed out and skipped. Let me dislike the song and just don't waste a spot on my Playlist with it. Secondly, the my DJ thing would be so much better if it didn't consistently cut off 30 seconds to a minute of most songs","1095",,"https://play.google.com/store/apps/details?id=com.spotify.music&reviewId=89004759-dd30-4232-955e-91dcc02874a4","https://play-lh.googleusercontent.com/a-/ALV-UjWtQaI9yJpLXmM0Xuwcz5iGTKG7xoLRQu2zvDKfZexupSC8uQupvA","Matthew Poworoznek","9.0.90.1229"
"com.spotify.music","[{""criteria"":""vaf_phase1_learning_to_sing"",""rating"":2},{""criteria"":""vaf_phase1_song_lyrics"",""rating"":3},{""criteria"":""vaf_phase1_fitness_app_integration"",""rating"":2}]","2024-11-30T02:14:39.538Z",,,"b36b6b17-c2e6-4d1f-97e6-cba89fd7abe4","1","1","2026-07-04T15:42:16.700Z","I used to use spotify alot and I thought it was the best music app, but that was only because I was paying for premium, without premium you can't even skip or pick any of the music, you can only use shuffle or play it the playlist regularly but with my playlist I have a bunch of the same people over and over and that gets annoying, plus the app usually closes when I try to use it in the background then it gives me three 30 second ads after it just told me I get 30 minutes of uninterrupted music.","219",,"https://play.google.com/store/apps/details?id=com.spotify.music&reviewId=b36b6b17-c2e6-4d1f-97e6-cba89fd7abe4","https://play-lh.googleusercontent.com/a-/ALV-UjX2vvfNVunsDO4lRLe1EBZszxrVrWkM4qoZ3O_tGURsgQJJwKDP","Aiden “River Carver” Smith","8.9.96.476"
"com.spotify.music","[{""criteria"":""vaf_phase1_learning_piano"",""rating"":2},{""criteria"":""vaf_phase1_dj_feature"",""rating"":3},{""criteria"":""vaf_phase1_equalizer"",""rating"":3}]","2025-04-14T19:16:03.852Z",,,"d5705a97-24f8-4e7c-b13d-9f278041c819","3","3","2026-07-04T15:42:16.700Z","I've had Spotify premium for years. It's great to be able to select specific songs and listen without ads and they do have a really wide selection. I used to love their recs but the algorithms suck now. Harder to find new music bc they just keep pushing the same old. I also wish they would bring back the curated running playlist mix (your likes, mixed, w specific bpm).","184",,"https://play.google.com/store/apps/details?id=com.spotify.music&reviewId=d5705a97-24f8-4e7c-b13d-9f278041c819","https://play-lh.googleusercontent.com/a/ACg8ocI3rTkiLJERA-bNe6Qx1LXvkXDa9o31cUXDJ00jD-nzUhX6ow=mo","Alexandra Howland-Lopez","9.0.34.579"
"com.spotify.music","[{""criteria"":""vaf_phase1_learning_to_sing"",""rating"":2},{""criteria"":""vaf_phase1_dj_feature"",""rating"":2},{""criteria"":""vaf_phase1_song_lyrics"",""rating"":1}]","2025-08-14T03:28:04.276Z",,,"2fe88583-2f49-4de0-a0f7-79d8f450c6eb","2","2","2026-07-04T15:42:16.700Z","after a while, you have to buy a premium subscription so you can go back to a song, and you also can't replay the song after a while it's just really annoying so I really hope this can be fixed but if it doesn't then I will most likely delete the app. Even though I have worked on it very hard... But also I'll be playing a game like Dandys World or smth, and i will get silence from the app and i will be listening to a song, and then it will just stop randomly playing the song! So please fix this.","367",,"https://play.google.com/store/apps/details?id=com.spotify.music&reviewId=2fe88583-2f49-4de0-a0f7-79d8f450c6eb","https://play-lh.googleusercontent.com/a/ACg8ocJNd4kTtcVvuxZKkmAzKN-zq38urq3tPLyvuir7eTw_6n6h2w=mo","Faith Webb","9.0.68.632"
"com.spotify.music","[{""criteria"":""vaf_phase1_learning_piano"",""rating"":2}]","2025-05-01T23:05:52.220Z",,,"3953ce8e-c29e-4277-babe-f9512ec13519","1","1","2026-07-04T15:42:16.700Z","Super interesting that Spotify said in-app that they were asking for ""bluetooth"" permission when what was REALLY requested was permission to locate/connect with nearby devices. (I was listening to music using bluetooth while this was happening, so it wasn't because my BT was off.) Why do you want that, Spotify? Couldn't be anything good if you have to trick people into granting you access. I'm switching to Tidal. So tired of this bull.","433",,"https://play.google.com/store/apps/details?id=com.spotify.music&reviewId=3953ce8e-c29e-4277-babe-f9512ec13519","https://play-lh.googleusercontent.com/a-/ALV-UjUlz5t_nrtwUlW_LIc4aUXG6wqOdGzkI2FvCB8sW1t49hmoKmpouA","Katie House","9.0.36.697"
"com.spotify.music","[{""criteria"":""vaf_phase1_learning_piano"",""rating"":2},{""criteria"":""vaf_phase1_fitness_app_integration"",""rating"":2},{""criteria"":""vaf_phase1_streaming_music"",""rating"":1}]","2025-06-06T00:45:04.576Z",,,"1f701ce8-992c-4315-851d-be3b41e5f0dc","3","3","2026-07-04T15:42:16.700Z","Generally I love Spotify over most other streaming apps. I just started using it for audio books as well since some are included with premium. It's absolutely wild that you ""run out of hours"" to listen to a book, especially when those limited hours are less than it takes to get through a book. Why offer audiobooks with premium at all if you're going to charge more to keep listening to a book that's ""included"" with premium?","426",,"https://play.google.com/store/apps/details?id=com.spotify.music&reviewId=1f701ce8-992c-4315-851d-be3b41e5f0dc","https://play-lh.googleusercontent.com/a-/ALV-UjU-vEFc0G7nG_7mD0fCedrxkwnUvRN6LAZdraeYZtUBxHUGyh_HNA","Cyndi Hagan","9.0.50.416"
"com.spotify.music",,"2024-09-08T22:30:23.826Z","2024-09-08T23:24:55.922Z","Hey! We're sorry to hear this, and we'll pass your feedback along to the Ads team. For an ad-free experience, we'd recommend checking out our Premium plans. If you've never had Premium before, you should be eligible for our trial. You can also check out other deals by heading over to spotify.com/premium.","9a96b807-0518-4768-ac0b-40e0cde3d501","1","1","2026-07-04T15:42:16.700Z","""Enjoy the next 30 minutes commercial free."" 1 song plays, then 3 commercials, literally 4 minutes after the message. Lies. Another thing? I thumb down an ad, because I'm married 20 years and don't use dating apps, or no kids and every third ad is for Capri Sun or school supplies. Your targeted ads suck. The feedback form doesn't fix it; thumb down/does not apply/etc: it doesn't work. 1/3 off my ads are for Kamala, and every one pushes me farther to the right.","80",,"https://play.google.com/store/apps/details?id=com.spotify.music&reviewId=9a96b807-0518-4768-ac0b-40e0cde3d501","https://play-lh.googleusercontent.com/a-/ALV-UjWIItaYC1KNJovLlzPxNYkouackreKFJAhXNUVIDWNtEDMBKwWEcA","Daniel Pierce","8.9.70.556"
"com.spotify.music",,"2024-12-15T19:45:07.862Z","2024-12-15T18:44:59.720Z","Hi. Have you tried a quick reinstall? If that doesn't help, we'd recommend reaching out to our Customer Service at support.spotify.com. Just search “Contact Us”, and they'll be happy to help.","b952596a-8ce9-4ff8-87c3-11ef7e734a21","1","1","2026-07-04T15:42:16.700Z","Doesn't play well with Google Pixel 8. Stops connecting to my cars Bluetooth until I restart my phone (won't play any audio). Music stutters while playing. ""Upstream request"" timeouts when I try to access their website. Player won't work on desktop. Wrapped won't play. I restart the app. I install updates. I check settings. I try different browsers. Terrible user experience with Spotify this year. [Edit] I appreciate the response. I have tried reinstalling. I can't reach your site, but will try","182",,"https://play.google.com/store/apps/details?id=com.spotify.music&reviewId=b952596a-8ce9-4ff8-87c3-11ef7e734a21","https://play-lh.googleusercontent.com/a-/ALV-UjXP7pFpIcUgRYKuw76dEeX1F847SWtnkYLu7Tk7Qd7z1bbd-uLz","Karolina","9.0.0.487"
